Movie_Id, Actor_id
1, 1
1, 2
1, 3
1, 4
2, 5
2, 6
2, 7
2, 8
3, 9
3, 10
3, 11
3, 12
4, 6
4, 13
4, 14
4, 8
5, 15
5, 16
5, 17
5, 18
6, 19
6, 20
6, 21
6, 22
7, 23
7, 24
7, 25
7, 26
8, 27
8, 28
8, 29
8, 30
9, 31
9, 32
9, 33
9, 34
10, 35
10, 36
10, 37
10, 38
11, 19
11, 21
11, 22
11, 39
12, 40
12, 41
12, 42
12, 43
13, 44
13, 45
13, 46
13, 47
14, 19
14, 21
14, 20
14, 22
15, 48
15, 49
15, 50
15, 51
16, 13
16, 52
16, 53
16, 54
17, 55
17, 56
17, 57
17, 58
18, 59
18, 60
18, 61
18, 62
19, 63
19, 64
19, 65
19, 66
20, 67
20, 68
20, 69
20, 70
21, 71
21, 72
21, 73
21, 74
22, 75
22, 76
22, 77
22, 78
23, 79
23, 80
23, 81
23, 82
24, 83
24, 84
24, 85
24, 86
25, 40
25, 87
25, 88
25, 89
26, 40
26, 90
26, 91
26, 92
27, 93
27, 94
27, 95
27, 96
28, 2
28, 35
28, 97
28, 98
29, 99
29, 100
29, 101
29, 102
30, 55
30, 56
30, 57
30, 103
31, 104
31, 105
31, 106
31, 107
32, 108
32, 109
32, 110
32, 111
33, 112
33, 113
33, 114
33, 115
34, 116
34, 13
34, 117
34, 118
35, 119
35, 120
35, 121
35, 122
36, 123
36, 124
36, 125
36, 126
37, 9
37, 127
37, 128
37, 12
38, 31
38, 87
38, 59
38, 129
39, 130
39, 131
39, 132
39, 133
40, 134
40, 116
40, 135
40, 136
41, 36
41, 137
41, 138
41, 139
42, 97
42, 140
42, 141
42, 142
43, 143
43, 144
43, 145
43, 146
44, 147
44, 148
44, 149
44, 150
45, 151
45, 152
45, 137
45, 153
46, 154
46, 155
46, 156
46, 157
47, 158
47, 159
47, 160
47, 161
48, 162
48, 163
48, 164
48, 165
49, 15
49, 166
49, 167
49, 168
50, 169
50, 170
50, 171
50, 172
51, 173
51, 174
51, 175
51, 176
52, 177
52, 178
52, 179
52, 180
53, 177
53, 181
53, 182
53, 183
54, 184
54, 185
54, 186
54, 187
55, 188
55, 189
55, 190
55, 191
56, 192
56, 72
56, 193
56, 194
57, 195
57, 196
57, 197
57, 198
58, 199
58, 200
58, 201
58, 202
59, 203
59, 204
59, 205
59, 206
60, 207
60, 208
60, 209
60, 210
61, 207
61, 208
61, 211
61, 210
62, 212
62, 213
62, 214
62, 215
63, 216
63, 217
63, 31
63, 218
64, 9
64, 219
64, 76
64, 144
65, 199
65, 72
65, 220
65, 221
66, 222
66, 223
66, 199
66, 224
67, 225
67, 226
67, 227
67, 228
68, 229
68, 230
68, 231
68, 232
69, 233
69, 234
69, 235
69, 236
70, 237
70, 51
70, 238
70, 239
71, 240
71, 241
71, 242
71, 243
72, 13
72, 244
72, 245
72, 246
73, 56
73, 247
73, 248
73, 249
74, 59
74, 250
74, 251
74, 252
75, 253
75, 5
75, 14
75, 254
76, 255
76, 256
76, 257
76, 258
77, 259
77, 260
77, 261
77, 262
78, 108
78, 263
78, 104
78, 264
79, 265
79, 266
79, 267
79, 268
80, 269
80, 270
80, 271
80, 272
81, 273
81, 274
81, 275
81, 276
82, 112
82, 277
82, 278
82, 279
83, 280
83, 281
83, 282
83, 283
84, 177
84, 178
84, 284
84, 285
85, 286
85, 287
85, 288
85, 289
86, 290
86, 291
86, 292
86, 293
87, 294
87, 295
87, 296
87, 297
88, 298
88, 299
88, 300
88, 301
89, 302
89, 303
89, 304
89, 305
90, 306
90, 307
90, 308
90, 309
91, 310
91, 311
91, 312
91, 313
92, 314
92, 315
92, 316
92, 317
93, 189
93, 318
93, 319
93, 320
94, 35
94, 321
94, 322
94, 323
95, 324
95, 325
95, 326
95, 327
96, 328
96, 329
96, 330
96, 331
97, 332
97, 35
97, 333
97, 334
98, 335
98, 336
98, 337
98, 338
99, 97
99, 339
99, 340
99, 341
100, 342
100, 87
100, 343
100, 344
101, 345
101, 346
101, 347
101, 348
102, 40
102, 349
102, 350
102, 351
103, 352
103, 353
103, 354
103, 355
104, 356
104, 357
104, 358
104, 359
105, 360
105, 361
105, 362
105, 363
106, 364
106, 365
106, 366
106, 367
107, 255
107, 368
107, 369
107, 122
108, 370
108, 371
108, 372
108, 373
109, 6
109, 374
109, 375
109, 376
110, 55
110, 56
110, 57
110, 58
111, 377
111, 378
111, 379
111, 380
112, 13
112, 99
112, 381
112, 382
113, 383
113, 384
113, 385
113, 386
114, 387
114, 388
114, 389
114, 390
115, 391
115, 392
115, 393
115, 394
116, 44
116, 46
116, 395
116, 396
117, 397
117, 103
117, 398
117, 399
118, 400
118, 401
118, 402
118, 403
119, 404
119, 405
119, 406
119, 407
120, 112
120, 408
120, 409
120, 410
121, 411
121, 412
121, 413
122, 109
122, 414
122, 415
122, 416
123, 417
123, 418
123, 419
123, 420
124, 402
124, 421
124, 422
124, 423
125, 424
125, 425
125, 426
125, 427
126, 428
126, 429
126, 430
126, 431
127, 432
127, 433
127, 434
127, 435
128, 436
128, 437
128, 438
128, 439
129, 440
129, 73
129, 441
129, 442
130, 443
130, 444
130, 445
130, 446
131, 20
131, 447
131, 448
131, 449
132, 450
132, 451
132, 452
132, 453
133, 454
133, 455
133, 456
133, 292
134, 457
134, 458
134, 459
134, 460
135, 461
135, 462
135, 120
135, 463
136, 464
136, 465
136, 295
136, 466
137, 467
137, 468
137, 469
137, 470
138, 471
138, 472
138, 473
138, 474
139, 475
139, 476
139, 477
139, 478
140, 479
140, 480
140, 481
140, 482
141, 483
141, 484
141, 485
141, 486
142, 454
142, 487
142, 488
142, 489
143, 490
143, 491
143, 492
143, 493
144, 219
144, 494
144, 495
144, 496
145, 31
145, 497
145, 210
145, 29
146, 498
146, 499
146, 500
146, 501
147, 31
147, 502
147, 503
147, 75
148, 504
148, 505
148, 506
148, 507
149, 508
149, 509
149, 510
149, 511
150, 512
150, 513
150, 514
150, 515
151, 40
151, 349
151, 516
151, 517
152, 518
152, 145
152, 519
152, 520
153, 199
153, 521
153, 522
153, 221
154, 260
154, 523
154, 524
154, 525
155, 9
155, 12
155, 34
155, 27
156, 504
156, 526
156, 527
156, 528
157, 529
157, 530
157, 531
157, 532
158, 533
158, 534
158, 535
158, 536
159, 134
159, 537
159, 337
159, 538
160, 539
160, 540
160, 73
160, 295
161, 541
161, 542
161, 543
161, 332
162, 97
162, 134
162, 237
162, 544
163, 545
163, 546
163, 547
163, 548
164, 6
164, 13
164, 549
164, 550
165, 13
165, 551
165, 53
165, 244
166, 199
166, 552
166, 553
166, 554
167, 44
167, 555
167, 2
167, 556
168, 56
168, 557
168, 558
168, 559
169, 560
169, 561
169, 562
169, 563
170, 564
170, 565
170, 566
170, 567
171, 26
171, 568
171, 569
171, 570
172, 104
172, 571
172, 572
172, 573
173, 13
173, 574
173, 53
173, 575
174, 576
174, 577
174, 578
174, 579
175, 174
175, 580
175, 581
175, 582
176, 398
176, 583
176, 584
176, 585
177, 586
177, 587
177, 260
177, 588
178, 589
178, 590
178, 591
178, 592
179, 593
179, 594
179, 595
179, 166
180, 596
180, 597
180, 598
180, 599
181, 108
181, 600
181, 104
181, 601
182, 602
182, 603
182, 604
182, 270
183, 605
183, 606
183, 400
183, 607
184, 608
184, 609
184, 610
184, 611
185, 612
185, 611
185, 613
185, 614
186, 615
186, 616
186, 617
186, 618
187, 619
187, 277
187, 620
187, 621
188, 622
188, 623
188, 624
188, 625
189, 108
189, 626
189, 627
189, 109
190, 628
190, 629
190, 630
190, 631
191, 173
191, 632
191, 633
191, 634
192, 635
192, 636
192, 637
192, 638
193, 639
193, 640
193, 641
193, 642
194, 643
194, 260
194, 644
194, 645
195, 85
195, 646
195, 198
195, 647
196, 648
196, 649
196, 650
196, 651
197, 652
197, 653
197, 654
197, 655
198, 656
198, 657
198, 658
198, 659
199, 660
199, 295
199, 437
199, 661
200, 127
200, 662
200, 663
200, 664
201, 665
201, 666
201, 667
201, 668
202, 669
202, 670
202, 671
202, 672
203, 673
203, 216
203, 674
203, 675
204, 676
204, 677
204, 678
204, 679
205, 199
205, 680
205, 681
205, 682
206, 73
206, 539
206, 683
206, 684
207, 28
207, 370
207, 685
207, 130
208, 343
208, 686
208, 687
208, 688
209, 689
209, 690
209, 691
209, 692
210, 693
210, 694
210, 695
210, 696
211, 697
211, 698
211, 699
211, 700
212, 701
212, 702
212, 703
212, 704
213, 705
213, 706
213, 707
213, 35
214, 708
214, 211
214, 709
214, 530
215, 87
215, 9
215, 710
215, 711
216, 210
216, 712
216, 713
216, 714
217, 715
217, 716
217, 717
217, 718
218, 719
218, 720
218, 721
218, 481
219, 722
219, 475
219, 723
219, 724
220, 127
220, 725
220, 726
220, 727
221, 219
221, 728
221, 729
221, 730
222, 731
222, 732
222, 733
222, 734
223, 44
223, 735
223, 736
223, 737
224, 738
224, 739
224, 740
224, 741
225, 742
225, 743
225, 744
225, 745
226, 746
226, 747
226, 748
226, 749
227, 750
227, 751
227, 752
227, 753
228, 754
228, 755
228, 756
228, 757
229, 758
229, 759
229, 760
229, 761
230, 762
230, 763
230, 764
230, 765
231, 681
231, 766
231, 719
231, 682
232, 767
232, 44
232, 2
232, 755
233, 768
233, 769
233, 116
233, 770
234, 771
234, 772
234, 773
234, 774
235, 775
235, 776
235, 777
235, 778
236, 681
236, 766
236, 779
236, 780
237, 67
237, 781
237, 782
237, 783
238, 199
238, 784
238, 785
238, 786
239, 24
239, 787
239, 788
239, 358
240, 789
240, 382
240, 790
240, 791
241, 31
241, 40
241, 792
241, 253
242, 793
242, 214
242, 794
242, 795
243, 796
243, 789
243, 797
243, 798
244, 799
244, 800
244, 801
244, 802
245, 199
245, 803
245, 779
245, 804
246, 26
246, 805
246, 750
246, 806
247, 357
247, 807
247, 808
247, 809
248, 324
248, 537
248, 810
248, 811
249, 812
249, 813
249, 814
249, 815
250, 816
250, 817
250, 798
250, 818
251, 819
251, 820
251, 821
251, 822
252, 823
252, 824
252, 825
252, 826
253, 816
253, 827
253, 450
253, 828
254, 829
254, 830
254, 831
254, 832
255, 833
255, 834
255, 835
255, 836
256, 504
256, 837
256, 838
256, 839
257, 775
257, 776
257, 840
257, 841
258, 842
258, 843
258, 844
258, 845
259, 846
259, 847
259, 819
259, 848
260, 849
260, 850
260, 851
260, 595
261, 508
261, 852
261, 853
261, 854
262, 855
262, 856
262, 857
262, 858
263, 857
263, 859
263, 860
263, 861
264, 342
264, 862
264, 775
264, 863
265, 864
265, 865
265, 866
265, 867
266, 868
266, 869
266, 870
266, 871
267, 872
267, 873
267, 874
267, 875
268, 876
268, 877
268, 878
268, 879
269, 880
269, 881
269, 871
269, 882
270, 883
270, 884
270, 885
270, 886
271, 887
271, 167
271, 888
271, 889
272, 890
272, 891
272, 892
272, 893
273, 56
273, 894
273, 895
273, 896
274, 100
274, 257
274, 897
274, 898
275, 590
275, 591
275, 899
275, 900
276, 13
276, 792
276, 901
276, 902
277, 903
277, 904
277, 905
277, 906
278, 907
278, 280
278, 908
278, 14
279, 909
279, 910
279, 388
279, 911
280, 912
280, 913
280, 914
280, 915
281, 59
281, 907
281, 916
281, 917
282, 909
282, 918
282, 919
282, 920
283, 921
283, 580
283, 922
283, 610
284, 923
284, 924
284, 925
284, 926
285, 927
285, 928
285, 929
285, 930
286, 383
286, 931
286, 932
286, 933
287, 609
287, 580
287, 934
287, 611
288, 578
288, 935
288, 579
288, 936
289, 937
289, 938
289, 939
289, 940
290, 941
290, 942
290, 943
290, 944
291, 628
291, 945
291, 946
291, 947
292, 108
292, 104
292, 948
292, 949
293, 112
293, 950
293, 171
293, 951
294, 952
294, 953
294, 954
294, 955
295, 612
295, 956
295, 957
295, 958
296, 602
296, 959
296, 411
296, 960
297, 961
297, 962
297, 963
297, 964
298, 965
298, 399
298, 966
298, 967
299, 108
299, 968
299, 969
299, 970
300, 971
300, 928
300, 972
300, 973
301, 108
301, 969
301, 974
301, 109
302, 280
302, 103
302, 399
302, 975
303, 5
303, 976
303, 16
303, 977
304, 978
304, 979
304, 980
304, 981
305, 273
305, 982
305, 983
305, 984
306, 985
306, 986
306, 987
306, 988
307, 424
307, 425
307, 989
307, 990
308, 991
308, 992
308, 993
308, 994
309, 995
309, 112
309, 996
309, 997
310, 998
310, 999
310, 630
310, 1000
311, 112
311, 1001
311, 176
311, 1002
312, 1003
312, 1004
312, 1005
312, 1006
313, 1007
313, 1008
313, 1009
313, 282
314, 1005
314, 1010
314, 1011
314, 1012
315, 1013
315, 1014
315, 1015
315, 1016
316, 177
316, 1017
316, 1018
316, 1019
317, 1020
317, 1021
317, 1022
317, 1023
318, 294
318, 1024
318, 1025
318, 202
319, 870
319, 1026
319, 1027
319, 1028
320, 539
320, 1029
320, 1030
320, 1031
321, 552
321, 1032
321, 481
321, 1033
322, 539
322, 1034
322, 458
322, 643
323, 1035
323, 1036
323, 1037
323, 120
324, 1038
324, 1039
324, 1040
324, 1041
325, 87
325, 77
325, 1042
325, 1043
326, 1044
326, 1045
326, 1046
326, 1047
327, 457
327, 458
327, 1048
327, 1049
328, 1050
328, 7
328, 1051
328, 1052
329, 666
329, 1053
329, 1054
329, 1055
330, 1056
330, 1057
330, 1058
330, 1059
331, 539
331, 731
331, 479
331, 733
332, 665
332, 1060
332, 1061
332, 1062
333, 1063
333, 1064
333, 1065
333, 1066
334, 1067
334, 1068
334, 1069
334, 1070
335, 1071
335, 1072
335, 1073
335, 1074
336, 56
336, 1035
336, 1075
336, 1076
337, 116
337, 1077
337, 128
337, 1040
338, 1078
338, 1079
338, 1080
338, 1081
339, 31
339, 219
339, 1082
339, 1083
340, 1084
340, 739
340, 1085
340, 1086
341, 1087
341, 1088
341, 1089
341, 1090
342, 289
342, 1091
342, 1092
342, 1093
343, 1036
343, 726
343, 1094
343, 1095
344, 1096
344, 1097
344, 1098
344, 1099
345, 1100
345, 309
345, 1101
345, 1102
346, 723
346, 487
346, 1103
346, 1104
347, 1105
347, 1106
347, 1107
347, 1108
348, 504
348, 837
348, 1109
348, 1110
349, 188
349, 1111
349, 1112
349, 1113
350, 1114
350, 1038
350, 1115
350, 704
351, 145
351, 1116
351, 833
351, 1117
352, 1087
352, 1089
352, 1118
352, 1090
353, 208
353, 209
353, 128
353, 1119
354, 1120
354, 1121
354, 1122
354, 1123
355, 75
355, 1124
355, 336
355, 1125
356, 1126
356, 1127
356, 1128
356, 1129
357, 31
357, 1130
357, 337
357, 1131
358, 87
358, 1132
358, 747
358, 1133
359, 1134
359, 1135
359, 1136
359, 1137
360, 1138
360, 1139
360, 1140
360, 1141
361, 1142
361, 685
361, 1143
361, 1144
362, 1145
362, 1146
362, 1147
362, 1148
363, 1149
363, 1150
363, 1151
363, 1152
364, 1153
364, 1154
364, 1155
364, 1156
365, 24
365, 787
365, 358
365, 788
366, 1157
366, 1158
366, 1159
366, 1160
367, 1161
367, 1162
367, 1163
367, 1164
368, 764
368, 1165
368, 1166
368, 1167
369, 134
369, 1168
369, 1169
369, 1170
370, 786
370, 504
370, 784
370, 1171
371, 1172
371, 1173
371, 819
371, 1174
372, 1175
372, 1091
372, 22
372, 1068
373, 823
373, 1176
373, 243
373, 1177
374, 1178
374, 25
374, 1179
374, 1180
375, 1181
375, 1182
375, 1183
375, 1184
376, 1039
376, 1185
376, 1186
376, 921
377, 1187
377, 1188
377, 678
377, 1189
378, 725
378, 1190
378, 1191
378, 1192
379, 1193
379, 168
379, 818
379, 751
380, 1194
380, 1122
380, 91
380, 1195
381, 1196
381, 1197
381, 1198
381, 1199
382, 1200
382, 1201
382, 1202
382, 1203
383, 1204
383, 1205
383, 303
383, 1206
384, 1207
384, 1208
384, 1209
384, 1210
385, 1211
385, 1212
385, 1213
385, 1072
386, 1214
386, 1215
386, 1216
386, 1217
387, 1218
387, 1219
387, 1220
387, 1221
388, 1222
388, 1223
388, 1224
388, 1225
389, 26
389, 1226
389, 35
389, 1227
390, 1228
390, 1229
390, 1230
390, 1231
391, 1232
391, 1233
391, 1234
391, 1235
392, 1236
392, 1237
392, 1238
392, 1239
393, 1240
393, 1241
393, 215
393, 1242
394, 6
394, 1243
394, 1244
394, 1245
395, 1246
395, 1247
395, 342
395, 1248
396, 1249
396, 144
396, 400
396, 1250
397, 1251
397, 1252
397, 1253
397, 1254
398, 1249
398, 1191
398, 1255
398, 1256
399, 146
399, 1257
399, 1258
399, 1259
400, 1260
400, 1193
400, 642
400, 1261
401, 1262
401, 1263
401, 1264
401, 1265
402, 1266
402, 1267
402, 41
402, 1233
403, 529
403, 1268
403, 1269
403, 1270
404, 1271
404, 1272
404, 1273
404, 1274
405, 1275
405, 1276
405, 1277
405, 1278
406, 151
406, 152
406, 368
406, 1279
407, 29
407, 898
407, 1280
407, 1281
408, 104
408, 744
408, 1282
408, 572
409, 265
409, 401
409, 1283
409, 1284
410, 1285
410, 8
410, 1286
410, 1287
411, 1288
411, 385
411, 1289
411, 1290
412, 6
412, 901
412, 1291
412, 1292
413, 1293
413, 919
413, 1294
413, 1295
414, 593
414, 1260
414, 1296
414, 1297
415, 335
415, 612
415, 1298
415, 16
416, 998
416, 12
416, 1299
416, 1300
417, 1301
417, 817
417, 381
417, 1302
418, 1303
418, 1304
418, 1305
418, 1306
419, 843
419, 1307
419, 1308
419, 1309
420, 383
420, 384
420, 1310
420, 932
421, 1311
421, 1312
421, 1313
421, 1314
422, 965
422, 1315
422, 1316
422, 1317
423, 1260
423, 897
423, 1310
423, 1318
424, 1319
424, 1320
424, 1321
424, 1322
425, 1323
425, 538
425, 1324
425, 1325
426, 1326
426, 1327
426, 1328
426, 977
427, 44
427, 395
427, 1329
427, 1330
428, 1331
428, 1332
428, 167
428, 1333
429, 1334
429, 1335
429, 1336
429, 1337
430, 383
430, 1338
430, 1339
430, 266
431, 1331
431, 1340
431, 1332
431, 1341
432, 950
432, 1342
432, 1343
432, 1344
433, 112
433, 1345
433, 1346
433, 1347
434, 965
434, 424
434, 170
434, 1348
435, 1319
435, 383
435, 1349
435, 1350
436, 603
436, 606
436, 1351
436, 1352
437, 267
437, 1353
437, 1354
437, 1355
438, 1356
438, 1357
438, 1358
438, 1359
439, 398
439, 971
439, 1360
439, 1361
440, 1362
440, 1363
440, 1364
440, 979
441, 280
441, 1365
441, 1366
441, 1367
442, 596
442, 1368
442, 1369
442, 1370
443, 1006
443, 5
443, 1316
443, 976
444, 173
444, 1371
444, 1372
444, 1373
445, 1374
445, 103
445, 1375
445, 1376
446, 112
446, 1377
446, 1378
446, 1379
447, 1356
447, 1380
447, 273
447, 1381
448, 1382
448, 990
448, 1383
448, 1384
449, 1385
449, 1386
449, 1387
449, 1388
450, 1389
450, 1386
450, 959
450, 1390
451, 404
451, 1391
451, 1392
451, 1350
452, 173
452, 1393
452, 1394
452, 428
453, 15
453, 1395
453, 1396
453, 1397
454, 1003
454, 1398
454, 1399
454, 1400
455, 1401
455, 1402
455, 1403
455, 1404
456, 1405
456, 1389
456, 1406
456, 1407
457, 1408
457, 1409
457, 1410
457, 1411
458, 1153
458, 209
458, 1075
458, 1412
459, 436
459, 1413
459, 1414
459, 1415
460, 1416
460, 1417
460, 1418
460, 1419
461, 1420
461, 128
461, 1421
461, 1422
462, 1423
462, 1424
462, 1425
462, 1426
463, 1142
463, 1427
463, 1428
463, 1429
464, 1430
464, 1431
464, 36
464, 1432
465, 849
465, 1433
465, 1434
465, 1435
466, 20
466, 287
466, 1436
466, 1437
467, 1438
467, 1439
467, 1440
467, 1441
468, 211
468, 1442
468, 1443
468, 210
469, 725
469, 1444
469, 1445
469, 1446
470, 1447
470, 1448
470, 128
470, 1449
471, 1077
471, 1119
471, 1450
471, 1425
472, 1451
472, 1452
472, 1453
472, 1083
473, 775
473, 776
473, 1454
473, 1455
474, 662
474, 21
474, 127
474, 1456
475, 1457
475, 1188
475, 1458
475, 1459
476, 1460
476, 1461
476, 798
476, 1462
477, 1193
477, 1463
477, 1445
477, 716
478, 843
478, 1464
478, 1465
478, 1466
479, 13
479, 6
479, 53
479, 356
480, 1467
480, 1468
480, 1469
480, 1470
481, 452
481, 97
481, 1471
481, 1472
482, 1473
482, 1474
482, 1475
482, 1476
483, 1477
483, 1478
483, 1479
483, 1480
484, 1140
484, 1481
484, 1482
484, 1483
485, 660
485, 1033
485, 1484
485, 1485
486, 1486
486, 1487
486, 775
486, 1488
487, 1489
487, 1490
487, 1491
487, 1492
488, 1493
488, 1494
488, 1495
488, 1496
489, 1497
489, 716
489, 510
489, 1498
490, 1499
490, 1500
490, 1501
490, 1502
491, 34
491, 1503
491, 1504
491, 1505
492, 1506
492, 1507
492, 1508
492, 1509
493, 1510
493, 454
493, 1511
493, 295
494, 1512
494, 1513
494, 1236
494, 462
495, 1514
495, 1515
495, 1516
495, 1517
496, 1518
496, 1519
496, 1520
496, 1521
497, 208
497, 1522
497, 1523
497, 817
498, 1495
498, 1524
498, 1525
498, 1526
499, 1527
499, 1528
499, 1529
499, 1530
500, 1531
500, 1
500, 1532
500, 1533
501, 738
501, 739
501, 740
501, 1534
502, 1535
502, 819
502, 820
502, 1536
503, 1537
503, 1538
503, 669
503, 1539
504, 1540
504, 1541
504, 1542
504, 1543
505, 1544
505, 1545
505, 1546
505, 1547
506, 1548
506, 87
506, 1549
506, 1141
507, 490
507, 1550
507, 1551
507, 1552
508, 818
508, 1141
508, 705
508, 12
509, 243
509, 1553
509, 1554
509, 450
510, 1555
510, 1556
510, 1557
510, 1558
511, 1559
511, 789
511, 40
511, 349
512, 129
512, 818
512, 1560
512, 1561
513, 1562
513, 1563
513, 1564
513, 1565
514, 1566
514, 1567
514, 1568
514, 1569
515, 1570
515, 1487
515, 1571
515, 549
516, 1572
516, 1573
516, 776
516, 1574
517, 1231
517, 1575
517, 1576
517, 1577
518, 6
518, 1531
518, 1578
518, 1579
519, 1175
519, 1117
519, 1580
519, 1581
520, 508
520, 1582
520, 1583
520, 1584
521, 1585
521, 1285
521, 1586
521, 1587
522, 1249
522, 557
522, 13
522, 1588
523, 1311
523, 1580
523, 12
523, 1589
524, 1590
524, 1591
524, 13
524, 1592
525, 1593
525, 1594
525, 1595
525, 1596
526, 1597
526, 1598
526, 1599
526, 1600
527, 1601
527, 1602
527, 1603
527, 1604
528, 1285
528, 8
528, 1605
528, 1606
529, 1288
529, 1177
529, 1607
529, 1608
530, 1609
530, 1610
530, 1611
530, 1612
531, 1260
531, 384
531, 1284
531, 17
532, 1613
532, 1614
532, 1615
532, 1616
533, 1617
533, 1618
533, 1619
533, 1620
534, 1621
534, 1622
534, 1623
534, 1624
535, 887
535, 1625
535, 1626
535, 1627
536, 1313
536, 1628
536, 1629
536, 1630
537, 266
537, 976
537, 1631
537, 1632
538, 280
538, 1633
538, 1634
538, 987
539, 1635
539, 1636
539, 1637
539, 1638
540, 397
540, 1639
540, 100
540, 1640
541, 1641
541, 977
541, 1642
541, 1643
542, 404
542, 1368
542, 1250
542, 1644
543, 1645
543, 1646
543, 170
543, 1647
544, 273
544, 998
544, 1648
544, 271
545, 1649
545, 1650
545, 1651
545, 1652
546, 1464
546, 1653
546, 1654
546, 1655
547, 965
547, 1656
547, 629
547, 422
548, 950
548, 1657
548, 171
548, 1658
549, 1659
549, 1392
549, 1660
549, 1349
550, 1661
550, 277
550, 115
550, 1662
551, 1378
551, 1663
551, 1664
551, 1665
552, 112
552, 1666
552, 1667
552, 1668
553, 1669
553, 1670
553, 1671
553, 1672
554, 404
554, 174
554, 176
554, 1673
555, 173
555, 1186
555, 1674
555, 1675
556, 619
556, 1676
556, 1677
556, 1678
557, 404
557, 1639
557, 112
557, 1679
558, 404
558, 1680
558, 1681
558, 1672
559, 1682
559, 1683
559, 1684
559, 1685
560, 1686
560, 1687
560, 1688
560, 1689
561, 1690
561, 1691
561, 1692
561, 1693
562, 1666
562, 1694
562, 1695
562, 1696
563, 75
563, 1697
563, 1698
563, 1699
564, 1700
564, 440
564, 1701
564, 1702
565, 1446
565, 1703
565, 1704
565, 1705
566, 309
566, 1101
566, 1706
566, 1707
567, 1708
567, 1709
567, 1710
567, 219
568, 1711
568, 1712
568, 1713
568, 1714
569, 1715
569, 1094
569, 1716
569, 1249
570, 1717
570, 1718
570, 1719
570, 1720
571, 660
571, 1700
571, 1033
571, 1721
572, 728
572, 1722
572, 75
572, 28
573, 436
573, 1723
573, 731
573, 1724
574, 1725
574, 1726
574, 1727
574, 1728
575, 1729
575, 1730
575, 1731
575, 1732
576, 1733
576, 1734
576, 1735
576, 1105
577, 207
577, 209
577, 208
577, 128
578, 25
578, 880
578, 1736
578, 1737
579, 1738
579, 739
579, 1739
579, 1740
580, 1741
580, 1742
580, 1743
580, 1744
581, 1745
581, 1746
581, 1747
581, 1748
582, 1461
582, 1467
582, 1749
582, 1750
583, 1751
583, 1752
583, 1753
583, 1754
584, 454
584, 1029
584, 481
584, 1755
585, 294
585, 442
585, 1756
585, 1757
586, 1758
586, 1759
586, 1760
586, 1761
587, 1083
587, 713
587, 1745
587, 1762
588, 1763
588, 1511
588, 1764
588, 1765
589, 1766
589, 1767
589, 1768
589, 1769
590, 40
590, 349
590, 1770
590, 1771
591, 1091
591, 1772
591, 1773
591, 1774
592, 1775
592, 1776
592, 26
592, 1236
593, 755
593, 1443
593, 756
593, 1777
594, 9
594, 1778
594, 1035
594, 35
595, 1779
595, 1780
595, 1781
595, 692
596, 1782
596, 233
596, 1783
596, 1784
597, 1153
597, 1040
597, 538
597, 344
598, 40
598, 1785
598, 1786
598, 760
599, 772
599, 1787
599, 1788
599, 1789
600, 1790
600, 1791
600, 1792
600, 1793
601, 1794
601, 772
601, 1795
601, 1796
602, 1797
602, 653
602, 1798
602, 1799
603, 21
603, 1800
603, 1801
603, 1802
604, 1803
604, 1804
604, 1805
604, 232
605, 1806
605, 1807
605, 1808
605, 1809
606, 1810
606, 1811
606, 1812
606, 1699
607, 302
607, 303
607, 1813
607, 1814
608, 129
608, 9
608, 1077
608, 727
609, 27
609, 1815
609, 1816
609, 1817
610, 1818
610, 1819
610, 1820
610, 1821
611, 1822
611, 1823
611, 1824
611, 1825
612, 1800
612, 21
612, 1801
612, 1826
613, 1827
613, 1828
613, 1829
613, 1830
614, 1068
614, 1456
614, 1223
614, 1738
615, 1035
615, 1831
615, 1430
615, 382
616, 1832
616, 134
616, 705
616, 765
617, 694
617, 1074
617, 255
617, 1833
618, 336
618, 1834
618, 321
618, 1835
619, 1836
619, 1837
619, 1838
619, 1839
620, 1840
620, 1778
620, 750
620, 1841
621, 1495
621, 1524
621, 1800
621, 1745
622, 35
622, 1443
622, 1842
622, 1843
623, 504
623, 786
623, 523
623, 1844
624, 1204
624, 302
624, 1845
624, 1206
625, 1068
625, 1846
625, 1223
625, 1774
626, 100
626, 1847
626, 1848
626, 1849
627, 1850
627, 1851
627, 1852
627, 1853
628, 1854
628, 1855
628, 705
628, 1735
629, 116
629, 1856
629, 1046
629, 153
630, 1857
630, 1858
630, 1859
630, 1860
631, 1123
631, 594
631, 713
631, 1035
632, 214
632, 1861
632, 1862
632, 1863
633, 1864
633, 1865
633, 1866
633, 1867
634, 1868
634, 1869
634, 1870
634, 1871
635, 1872
635, 1782
635, 67
635, 1873
636, 1874
636, 237
636, 1875
636, 1876
637, 775
637, 1877
637, 1878
637, 1879
638, 1832
638, 1880
638, 1881
638, 1882
639, 1883
639, 1884
639, 1536
639, 1885
640, 1886
640, 1887
640, 1888
640, 1889
641, 40
641, 1890
641, 1891
641, 1892
642, 870
642, 1893
642, 1894
642, 1895
643, 134
643, 6
643, 538
643, 1896
644, 725
644, 1549
644, 850
644, 1897
645, 1898
645, 1899
645, 1900
645, 1901
646, 31
646, 325
646, 1902
646, 1903
647, 1904
647, 1905
647, 1906
647, 1907
648, 775
648, 24
648, 1908
648, 1909
649, 1910
649, 1911
649, 1531
649, 1244
650, 1912
650, 344
650, 1913
650, 1914
651, 1175
651, 1585
651, 1915
651, 1487
652, 1175
652, 31
652, 1916
652, 1051
653, 1917
653, 880
653, 549
653, 1918
654, 1919
654, 1920
654, 1921
654, 1922
655, 100
655, 1923
655, 1924
655, 1925
656, 1819
656, 1926
656, 1913
656, 1927
657, 56
657, 763
657, 1928
657, 818
658, 13
658, 141
658, 1929
658, 1930
659, 1931
659, 1932
659, 1933
659, 1934
660, 1883
660, 819
660, 1935
660, 1936
661, 1117
661, 1123
661, 1937
661, 1938
662, 842
662, 1939
662, 1940
662, 1941
663, 1942
663, 50
663, 1943
663, 1944
664, 7
664, 1903
664, 1196
664, 1945
665, 13
665, 342
665, 1946
665, 1947
666, 1948
666, 1949
666, 1950
666, 1951
667, 148
667, 1832
667, 1266
667, 2
668, 1883
668, 1952
668, 1953
668, 1954
669, 162
669, 163
669, 164
669, 1955
670, 555
670, 870
670, 450
670, 1956
671, 151
671, 906
671, 1957
671, 1958
672, 1959
672, 1960
672, 1961
672, 1962
673, 148
673, 1963
673, 1964
673, 1965
674, 1966
674, 1967
674, 93
674, 94
675, 1968
675, 765
675, 1969
675, 866
676, 1970
676, 1971
676, 1972
676, 1973
677, 1974
677, 1975
677, 1976
677, 1977
678, 1978
678, 1979
678, 1980
678, 1981
679, 1236
679, 1602
679, 255
679, 1982
680, 1983
680, 1984
680, 537
680, 1985
681, 13
681, 1986
681, 1987
681, 1988
682, 1989
682, 1990
682, 1991
682, 1992
683, 1260
683, 1513
683, 1993
683, 1994
684, 746
684, 1995
684, 1983
684, 1996
685, 44
685, 1997
685, 1998
685, 1999
686, 557
686, 12
686, 538
686, 2000
687, 555
687, 901
687, 2001
687, 254
688, 2002
688, 2003
688, 2004
688, 2005
689, 2006
689, 2007
689, 2008
689, 2009
690, 253
690, 1197
690, 1642
690, 2010
691, 2011
691, 2012
691, 2013
691, 2014
692, 1293
692, 2015
692, 2016
692, 2017
693, 1260
693, 550
693, 2018
693, 2019
694, 1368
694, 2020
694, 2021
694, 2022
695, 602
695, 1641
695, 1639
695, 2023
696, 2024
696, 907
696, 2025
696, 555
697, 1368
697, 2026
697, 1383
697, 2027
698, 1323
698, 2028
698, 2029
698, 2030
699, 2031
699, 2032
699, 2033
699, 2034
700, 2035
700, 2036
700, 2037
700, 2038
701, 2039
701, 2040
701, 2041
701, 2042
702, 2043
702, 2044
702, 2045
702, 2046
703, 2047
703, 950
703, 2048
703, 2049
704, 173
704, 422
704, 1186
704, 114
705, 173
705, 1186
705, 2050
705, 2051
706, 1390
706, 425
706, 2052
706, 2053
707, 950
707, 2054
707, 2055
707, 1396
708, 2056
708, 2042
708, 2057
708, 2058
709, 1639
709, 404
709, 2059
709, 2060
710, 2061
710, 272
710, 2062
710, 1375
711, 1687
711, 1689
711, 1688
711, 2063
712, 2064
712, 2065
712, 2066
712, 2067
713, 2062
713, 2068
713, 2061
713, 2069
714, 2070
714, 2071
714, 2072
714, 2073
715, 2074
715, 2075
715, 2076
715, 2077
716, 1096
716, 765
716, 1097
716, 1433
717, 2078
717, 1119
717, 2079
717, 2080
718, 2081
718, 2082
718, 2083
718, 760
719, 1193
719, 2084
719, 2085
719, 1495
720, 2086
720, 2087
720, 2088
720, 2089
721, 2090
721, 1449
721, 2091
722, 2092
722, 2093
722, 2094
722, 2095
723, 1810
723, 1733
723, 2096
723, 2097
724, 289
724, 2098
724, 25
724, 12
725, 2099
725, 2100
725, 2101
725, 850
726, 2102
726, 2103
726, 1703
726, 2104
727, 712
727, 2105
727, 36
727, 2106
728, 2107
728, 2108
728, 2109
728, 2110
729, 2111
729, 436
729, 468
729, 2112
730, 2113
730, 2114
730, 2115
730, 2116
731, 207
731, 209
731, 25
731, 128
732, 701
732, 2117
732, 2118
732, 1030
733, 2119
733, 2120
733, 2121
733, 2122
734, 2123
734, 2124
734, 2125
734, 2126
735, 817
735, 78
735, 713
735, 2127
736, 130
736, 2128
736, 761
736, 2129
737, 1053
737, 713
737, 1903
737, 2130
738, 2131
738, 1071
738, 2132
738, 2133
739, 2134
739, 1512
739, 537
739, 2135
740, 1493
740, 1494
740, 1074
740, 1067
741, 2136
741, 2137
741, 2138
741, 2139
742, 2140
742, 693
742, 2141
742, 1040
743, 1456
743, 707
743, 2142
743, 1532
744, 2105
744, 1073
744, 2143
744, 2144
745, 1153
745, 764
745, 2145
745, 1155
746, 1073
746, 2142
746, 13
746, 2146
747, 343
747, 1430
747, 798
747, 2020
748, 2147
748, 32
748, 2148
748, 1050
749, 738
749, 739
749, 740
749, 1745
750, 1443
750, 87
750, 27
750, 2149
751, 2150
751, 2151
751, 1532
751, 452
752, 801
752, 1851
752, 2152
752, 2153
753, 2154
753, 2155
753, 2156
753, 2157
754, 2158
754, 2159
754, 2160
754, 2161
755, 2162
755, 2163
755, 2164
755, 2165
756, 2166
756, 2167
756, 2168
756, 2169
757, 2170
757, 2171
757, 2172
757, 2173
758, 2174
758, 1083
758, 1453
758, 2175
759, 302
759, 2176
759, 2086
759, 2177
760, 1456
760, 1450
760, 2178
760, 218
761, 725
761, 208
761, 210
761, 2161
762, 2179
762, 29
762, 2
762, 2129
763, 321
763, 2180
763, 2181
763, 2182
764, 2183
764, 2184
764, 2185
764, 530
765, 2186
765, 2187
765, 2188
765, 2189
766, 2190
766, 231
766, 2191
766, 2192
767, 725
767, 10
767, 1726
767, 2193
768, 134
768, 9
768, 2194
768, 1084
769, 768
769, 2134
769, 1127
769, 2195
770, 2196
770, 2197
770, 2198
770, 2199
771, 87
771, 1548
771, 747
771, 2200
772, 9
772, 1736
772, 2201
772, 2202
773, 216
773, 2203
773, 218
773, 2204
774, 1236
774, 128
774, 2205
774, 2206
775, 738
775, 739
775, 740
775, 2207
776, 1832
776, 792
776, 2208
776, 2209
777, 2208
777, 2210
777, 2211
777, 2212
778, 1193
778, 34
778, 2213
778, 2214
779, 2215
779, 2216
779, 2217
779, 2218
780, 708
780, 2219
780, 2220
780, 2221
781, 1748
781, 2184
781, 1130
781, 2222
782, 1531
782, 374
782, 2208
782, 1580
783, 2223
783, 1513
783, 1549
783, 1842
784, 2179
784, 823
784, 88
784, 752
785, 40
785, 2224
785, 2225
785, 2226
786, 1217
786, 2227
786, 2228
786, 2229
787, 2230
787, 2231
787, 2232
787, 2233
788, 2234
788, 2235
788, 2236
788, 2237
789, 1512
789, 35
789, 1055
789, 87
790, 2238
790, 2239
790, 2240
790, 2241
791, 816
791, 1512
791, 2242
791, 2243
792, 1052
792, 144
792, 880
792, 2244
793, 2245
793, 2246
793, 2247
793, 2248
794, 2249
794, 1213
794, 2250
794, 2251
795, 2252
795, 2253
795, 751
795, 2254
796, 1832
796, 775
796, 1984
796, 869
797, 462
797, 1236
797, 806
797, 2255
798, 2256
798, 2257
798, 2258
798, 2259
799, 2260
799, 1901
799, 760
799, 1980
800, 59
800, 1890
800, 1841
800, 1942
801, 26
801, 2261
801, 144
801, 2262
802, 2263
802, 2264
802, 2265
802, 2266
803, 6
803, 1175
803, 358
803, 2267
804, 1091
804, 2268
804, 2269
804, 2270
805, 746
805, 810
805, 36
805, 2271
806, 2272
806, 1327
806, 1093
806, 325
807, 2273
807, 2274
807, 2275
807, 2276
808, 2277
808, 2278
808, 847
808, 2279
809, 2280
809, 154
809, 2281
810, 2282
810, 2283
810, 2284
810, 2285
811, 1237
811, 818
811, 1
811, 2286
812, 40
812, 1832
812, 2287
812, 2288
813, 12
813, 2289
813, 2290
813, 2291
814, 1832
814, 2292
814, 2293
814, 2294
815, 508
815, 1226
815, 2295
815, 2296
816, 2297
816, 2298
816, 2299
816, 2300
817, 6
817, 400
817, 2301
817, 2020
818, 1193
818, 59
818, 2302
818, 1532
819, 1903
819, 2303
819, 2304
819, 2305
820, 816
820, 2242
820, 798
820, 2306
821, 816
821, 140
821, 1176
821, 2242
822, 2307
822, 163
822, 2308
822, 2309
823, 2310
823, 2311
823, 2312
823, 2313
824, 2314
824, 2315
824, 1534
824, 2316
825, 2317
825, 2318
825, 397
825, 2319
826, 9
826, 1980
826, 2320
826, 2321
827, 557
827, 1570
827, 2322
827, 2323
828, 2324
828, 2325
828, 1571
828, 850
829, 1311
829, 2326
829, 146
829, 2327
830, 2328
830, 2329
830, 2330
830, 2331
831, 1285
831, 1311
831, 2332
831, 2333
832, 383
832, 2334
832, 1284
832, 406
833, 2335
833, 1496
833, 2336
833, 2337
834, 903
834, 2338
834, 2021
834, 1999
835, 1774
835, 2339
835, 2340
835, 2341
836, 2342
836, 2343
836, 2344
836, 2345
837, 2346
837, 2347
837, 2348
837, 2349
838, 2350
838, 1412
838, 2351
838, 2352
839, 2353
839, 2354
839, 1283
839, 2355
840, 1285
840, 8
840, 2356
840, 2357
841, 1250
841, 385
841, 17
841, 2358
842, 2359
842, 1293
842, 2360
842, 2361
843, 6
843, 2362
843, 2363
843, 2364
844, 2365
844, 2366
844, 2367
844, 2368
845, 550
845, 1560
845, 517
845, 2369
846, 555
846, 1288
846, 1621
846, 2370
847, 44
847, 2371
847, 2372
847, 2373
848, 1320
848, 44
848, 2374
848, 2375
849, 400
849, 1250
849, 18
849, 2376
850, 951
850, 1633
850, 166
850, 1312
851, 1122
851, 2377
851, 2378
851, 2379
852, 2380
852, 2381
852, 385
852, 2382
853, 1122
853, 2383
853, 2384
853, 1341
854, 2385
854, 399
854, 2386
854, 2387
855, 557
855, 2388
855, 2389
855, 2390
856, 2391
856, 2392
856, 2303
856, 84
857, 596
857, 1356
857, 2393
857, 2394
858, 2395
858, 2396
858, 994
858, 2397
859, 1656
859, 593
859, 166
859, 45
860, 2398
860, 989
860, 2399
860, 2400
861, 2401
861, 2402
861, 2403
861, 2404
862, 1659
862, 2405
862, 2406
862, 2407
863, 103
863, 265
863, 2408
863, 2409
864, 173
864, 1368
864, 280
864, 2410
865, 950
865, 1670
865, 2411
865, 1658
866, 2412
866, 2413
866, 2414
866, 2415
867, 173
867, 1639
867, 2416
867, 2417
868, 2418
868, 2419
868, 276
868, 1348
869, 2420
869, 2421
869, 2422
869, 2423
870, 176
870, 2424
870, 2425
870, 2053
871, 210
871, 76
871, 1
871, 2426
872, 2427
872, 2428
872, 2429
872, 2430
873, 31
873, 35
873, 503
873, 758
874, 2431
874, 2432
874, 2433
874, 2434
875, 2435
875, 2436
875, 870
875, 2437
876, 2438
876, 216
876, 665
876, 2439
877, 209
877, 2440
877, 2441
877, 1094
878, 2442
878, 2443
878, 2444
878, 2445
879, 2446
879, 2447
879, 2448
879, 2449
880, 2450
880, 2451
880, 2452
880, 2453
881, 1071
881, 1074
881, 1076
881, 1072
882, 2100
882, 710
882, 2454
882, 2455
883, 765
883, 119
883, 817
883, 337
884, 40
884, 1710
884, 2456
884, 2156
885, 1178
885, 1179
885, 2457
885, 2458
886, 1246
886, 2459
886, 1758
886, 2460
887, 1463
887, 765
887, 333
887, 710
888, 2438
888, 903
888, 2461
888, 2462
889, 2463
889, 2464
889, 2465
889, 2466
890, 1493
890, 2194
890, 817
890, 2467
891, 1155
891, 2468
891, 2469
891, 2470
892, 144
892, 2471
892, 1826
892, 2472
893, 650
893, 2473
893, 1165
893, 2474
894, 1063
894, 2475
894, 2476
894, 2477
895, 725
895, 2478
895, 2479
895, 2480
896, 698
896, 2481
896, 195
896, 2166
897, 2482
897, 1073
897, 1918
897, 2483
898, 762
898, 817
898, 87
898, 2484
899, 2485
899, 2486
899, 2487
899, 2488
900, 2489
900, 1778
900, 2490
900, 2491
901, 32
901, 2492
901, 2479
901, 1095
902, 2493
902, 2223
902, 1050
902, 2494
903, 2495
903, 2496
903, 2497
903, 2498
904, 35
904, 41
904, 502
904, 751
905, 2499
905, 2500
905, 2501
905, 1887
906, 2140
906, 1036
906, 451
906, 2502
907, 2503
907, 2447
907, 2504
907, 2505
908, 208
908, 1908
908, 713
908, 2506
909, 2507
909, 2134
909, 2508
909, 2509
910, 2510
910, 2511
910, 2512
910, 2513
911, 1126
911, 2514
911, 451
911, 2515
912, 1555
912, 20
912, 2268
912, 2516
913, 2517
913, 2518
913, 2519
913, 21
914, 2520
914, 2521
914, 716
914, 2522
915, 1832
915, 1141
915, 99
915, 538
916, 2
916, 537
916, 1725
916, 2523
917, 2127
917, 2524
917, 2525
917, 1143
918, 1535
918, 2526
918, 2527
918, 2528
919, 36
919, 2529
919, 1170
919, 2530
920, 1748
920, 2531
920, 2532
920, 2533
921, 738
921, 739
921, 740
921, 741
922, 756
922, 2534
922, 2535
922, 1747
923, 128
923, 2536
923, 497
923, 1069
924, 2537
924, 2538
924, 2539
924, 2540
925, 2223
925, 775
925, 336
925, 2541
926, 1266
926, 2542
926, 1970
926, 2543
927, 751
927, 2184
927, 1726
927, 760
928, 2544
928, 32
928, 2545
928, 2546
929, 2181
929, 2127
929, 2547
929, 2548
930, 328
930, 2549
930, 99
930, 2550
931, 2551
931, 2552
931, 2553
931, 2554
932, 1531
932, 333
932, 1555
932, 2555
933, 67
933, 2556
933, 2557
933, 2558
934, 1175
934, 325
934, 1327
934, 2209
935, 36
935, 2559
935, 751
935, 2514
936, 2560
936, 2561
936, 2562
936, 2563
937, 2564
937, 2145
937, 2565
937, 2566
938, 2166
938, 2567
938, 2568
938, 1904
939, 555
939, 1522
939, 2569
939, 2570
940, 515
940, 214
940, 2571
940, 2572
941, 738
941, 740
941, 556
941, 2573
942, 1039
942, 2565
942, 718
942, 2574
943, 1175
943, 2257
943, 1548
943, 2575
944, 1908
944, 537
944, 2576
944, 2577
945, 1193
945, 1497
945, 2184
945, 612
946, 1832
946, 2578
946, 1911
946, 714
947, 9
947, 1557
947, 2579
947, 2580
948, 1548
948, 1217
948, 2581
948, 2582
949, 1874
949, 1531
949, 494
949, 2583
950, 2584
950, 2585
950, 1900
950, 2586
951, 1175
951, 333
951, 2587
951, 2588
952, 2589
952, 229
952, 2590
952, 2591
953, 2530
953, 2592
953, 337
953, 2593
954, 13
954, 1532
954, 35
954, 2594
955, 2426
955, 1487
955, 2595
955, 2596
956, 1923
956, 325
956, 2597
956, 326
957, 26
957, 149
957, 25
957, 1255
958, 1175
958, 2598
958, 165
958, 2599
959, 44
959, 1513
959, 2600
959, 2601
960, 40
960, 1445
960, 1532
960, 42
961, 1573
961, 776
961, 2602
961, 2603
962, 1910
962, 14
962, 1589
962, 2604
963, 2605
963, 1879
963, 75
963, 2606
964, 53
964, 1481
964, 2607
964, 2608
965, 2609
965, 2610
965, 1562
965, 2611
966, 2612
966, 2613
966, 2550
966, 2614
967, 2615
967, 53
967, 2616
967, 2617
968, 6
968, 8
968, 2618
968, 904
969, 797
969, 2619
969, 57
969, 2267
970, 1246
970, 2620
970, 2621
970, 2622
971, 2623
971, 2624
971, 2625
971, 2626
972, 2627
972, 1604
972, 2628
972, 1594
973, 352
973, 1970
973, 2629
973, 2630
974, 816
974, 2631
974, 450
974, 2632
975, 1639
975, 15
975, 2633
975, 2634
976, 352
976, 2635
976, 2636
976, 2637
977, 2638
977, 2639
977, 2640
977, 2641
978, 2642
978, 2643
978, 2644
978, 2645
979, 44
979, 354
979, 2646
979, 2647
980, 2648
980, 257
980, 2649
980, 2650
981, 2651
981, 2652
981, 2653
981, 2654
982, 1289
982, 2655
982, 2656
982, 1598
983, 2657
983, 2658
983, 267
983, 2659
984, 977
984, 1644
984, 2660
984, 2661
985, 44
985, 2662
985, 350
985, 2663
986, 2664
986, 2665
986, 2666
986, 2667
987, 2668
987, 2669
987, 2670
987, 1640
988, 2671
988, 2672
988, 2673
988, 2674
989, 1368
989, 2675
989, 2413
989, 2676
990, 1319
990, 2677
990, 1659
990, 2678
991, 603
991, 2048
991, 2039
991, 113
992, 2679
992, 2680
992, 2681
992, 2682
993, 2683
993, 2684
993, 2685
993, 2686
